split,internal_record_id,source_split,image_id,source_image_path,source_project_image_path,source_project_label_path,smoke_image_path,smoke_label_path,valid_object_count,label_annotation_count,category_names,image_link_strategy,label_link_strategy
train,train2017_272480,train2017,272480,G:\intership projects\Real-Time Object Detection using YOLOv5\code\data\raw\coco2017\train2017\000000272480.jpg,G:\intership projects\Real-Time Object Detection using YOLOv5\code\data\processed\coco_yolo\images\train\train2017_000000272480.jpg,G:\intership projects\Real-Time Object Detection using YOLOv5\code\data\processed\coco_yolo\labels\train\train2017_000000272480.txt,G:\intership projects\Real-Time Object Detection using YOLOv5\code\data\smoke\coco_yolov5\images\train\train2017_000000272480.jpg,G:\intership projects\Real-Time Object Detection using YOLOv5\code\data\smoke\coco_yolov5\labels\train\train2017_000000272480.txt,65,65,"[""apple"", ""backpack"", ""bed"", ""book"", ""bottle"", ""bowl"", ""cat"", ""chair"", ""cup"", ""dining table"", ""knife"", ""laptop"", ""microwave"", ""orange"", ""potted plant"", ""refrigerator"", ""sink"", ""toaster""]",hardlink,hardlink
train,train2017_373060,train2017,373060,G:\intership projects\Real-Time Object Detection using YOLOv5\code\data\raw\coco2017\train2017\000000373060.jpg,G:\intership projects\Real-Time Object Detection using YOLOv5\code\data\processed\coco_yolo\images\train\train2017_000000373060.jpg,G:\intership projects\Real-Time Object Detection using YOLOv5\code\data\processed\coco_yolo\labels\train\train2017_000000373060.txt,G:\intership projects\Real-Time Object Detection using YOLOv5\code\data\smoke\coco_yolov5\images\train\train2017_000000373060.jpg,G:\intership projects\Real-Time Object Detection using YOLOv5\code\data\smoke\coco_yolov5\labels\train\train2017_000000373060.txt,39,39,"[""bicycle"", ""bus"", ""car"", ""clock"", ""handbag"", ""motorcycle"", ""person"", ""suitcase"", ""traffic light"", ""truck""]",hardlink,hardlink
train,val2017_435081,val2017,435081,G:\intership projects\Real-Time Object Detection using YOLOv5\code\data\raw\coco2017\val2017\000000435081.jpg,G:\intership projects\Real-Time Object Detection using YOLOv5\code\data\processed\coco_yolo\images\train\val2017_000000435081.jpg,G:\intership projects\Real-Time Object Detection using YOLOv5\code\data\processed\coco_yolo\labels\train\val2017_000000435081.txt,G:\intership projects\Real-Time Object Detection using YOLOv5\code\data\smoke\coco_yolov5\images\train\val2017_000000435081.jpg,G:\intership projects\Real-Time Object Detection using YOLOv5\code\data\smoke\coco_yolov5\labels\train\val2017_000000435081.txt,62,62,"[""bowl"", ""cake"", ""carrot"", ""chair"", ""cup"", ""dining table"", ""donut"", ""fork"", ""knife"", ""pizza"", ""sandwich"", ""spoon"", ""vase""]",hardlink,hardlink
train,train2017_498156,train2017,498156,G:\intership projects\Real-Time Object Detection using YOLOv5\code\data\raw\coco2017\train2017\000000498156.jpg,G:\intership projects\Real-Time Object Detection using YOLOv5\code\data\processed\coco_yolo\images\train\train2017_000000498156.jpg,G:\intership projects\Real-Time Object Detection using YOLOv5\code\data\processed\coco_yolo\labels\train\train2017_000000498156.txt,G:\intership projects\Real-Time Object Detection using YOLOv5\code\data\smoke\coco_yolov5\images\train\train2017_000000498156.jpg,G:\intership projects\Real-Time Object Detection using YOLOv5\code\data\smoke\coco_yolov5\labels\train\train2017_000000498156.txt,23,23,"[""book"", ""couch"", ""cup"", ""dog"", ""keyboard"", ""laptop"", ""mouse"", ""remote"", ""teddy bear"", ""tv""]",hardlink,hardlink
train,train2017_55575,train2017,55575,G:\intership projects\Real-Time Object Detection using YOLOv5\code\data\raw\coco2017\train2017\000000055575.jpg,G:\intership projects\Real-Time Object Detection using YOLOv5\code\data\processed\coco_yolo\images\train\train2017_000000055575.jpg,G:\intership projects\Real-Time Object Detection using YOLOv5\code\data\processed\coco_yolo\labels\train\train2017_000000055575.txt,G:\intership projects\Real-Time Object Detection using YOLOv5\code\data\smoke\coco_yolov5\images\train\train2017_000000055575.jpg,G:\intership projects\Real-Time Object Detection using YOLOv5\code\data\smoke\coco_yolov5\labels\train\train2017_000000055575.txt,19,19,"[""bird"", ""cow"", ""elephant"", ""giraffe"", ""horse"", ""person"", ""tie"", ""zebra""]",hardlink,hardlink
train,train2017_306511,train2017,306511,G:\intership projects\Real-Time Object Detection using YOLOv5\code\data\raw\coco2017\train2017\000000306511.jpg,G:\intership projects\Real-Time Object Detection using YOLOv5\code\data\processed\coco_yolo\images\train\train2017_000000306511.jpg,G:\intership projects\Real-Time Object Detection using YOLOv5\code\data\processed\coco_yolo\labels\train\train2017_000000306511.txt,G:\intership projects\Real-Time Object Detection using YOLOv5\code\data\smoke\coco_yolov5\images\train\train2017_000000306511.jpg,G:\intership projects\Real-Time Object Detection using YOLOv5\code\data\smoke\coco_yolov5\labels\train\train2017_000000306511.txt,14,14,"[""baseball bat"", ""baseball glove"", ""bench"", ""book"", ""bottle"", ""fire hydrant"", ""person"", ""sports ball""]",hardlink,hardlink
train,val2017_312237,val2017,312237,G:\intership projects\Real-Time Object Detection using YOLOv5\code\data\raw\coco2017\val2017\000000312237.jpg,G:\intership projects\Real-Time Object Detection using YOLOv5\code\data\processed\coco_yolo\images\train\val2017_000000312237.jpg,G:\intership projects\Real-Time Object Detection using YOLOv5\code\data\processed\coco_yolo\labels\train\val2017_000000312237.txt,G:\intership projects\Real-Time Object Detection using YOLOv5\code\data\smoke\coco_yolov5\images\train\val2017_000000312237.jpg,G:\intership projects\Real-Time Object Detection using YOLOv5\code\data\smoke\coco_yolov5\labels\train\val2017_000000312237.txt,22,22,"[""backpack"", ""boat"", ""handbag"", ""kite"", ""person"", ""surfboard"", ""umbrella""]",hardlink,hardlink
train,train2017_443410,train2017,443410,G:\intership projects\Real-Time Object Detection using YOLOv5\code\data\raw\coco2017\train2017\000000443410.jpg,G:\intership projects\Real-Time Object Detection using YOLOv5\code\data\processed\coco_yolo\images\train\train2017_000000443410.jpg,G:\intership projects\Real-Time Object Detection using YOLOv5\code\data\processed\coco_yolo\labels\train\train2017_000000443410.txt,G:\intership projects\Real-Time Object Detection using YOLOv5\code\data\smoke\coco_yolov5\images\train\train2017_000000443410.jpg,G:\intership projects\Real-Time Object Detection using YOLOv5\code\data\smoke\coco_yolov5\labels\train\train2017_000000443410.txt,37,37,"[""bear"", ""book"", ""bowl"", ""carrot"", ""cell phone"", ""chair"", ""couch"", ""cup"", ""dining table"", ""fork"", ""knife"", ""person"", ""vase"", ""wine glass""]",hardlink,hardlink
train,train2017_307564,train2017,307564,G:\intership projects\Real-Time Object Detection using YOLOv5\code\data\raw\coco2017\train2017\000000307564.jpg,G:\intership projects\Real-Time Object Detection using YOLOv5\code\data\processed\coco_yolo\images\train\train2017_000000307564.jpg,G:\intership projects\Real-Time Object Detection using YOLOv5\code\data\processed\coco_yolo\labels\train\train2017_000000307564.txt,G:\intership projects\Real-Time Object Detection using YOLOv5\code\data\smoke\coco_yolov5\images\train\train2017_000000307564.jpg,G:\intership projects\Real-Time Object Detection using YOLOv5\code\data\smoke\coco_yolov5\labels\train\train2017_000000307564.txt,23,23,"[""banana"", ""bottle"", ""bowl"", ""broccoli"", ""chair"", ""cup"", ""dining table"", ""fork"", ""knife"", ""oven"", ""potted plant"", ""sink"", ""spoon"", ""vase""]",hardlink,hardlink
train,train2017_306830,train2017,306830,G:\intership projects\Real-Time Object Detection using YOLOv5\code\data\raw\coco2017\train2017\000000306830.jpg,G:\intership projects\Real-Time Object Detection using YOLOv5\code\data\processed\coco_yolo\images\train\train2017_000000306830.jpg,G:\intership projects\Real-Time Object Detection using YOLOv5\code\data\processed\coco_yolo\labels\train\train2017_000000306830.txt,G:\intership projects\Real-Time Object Detection using YOLOv5\code\data\smoke\coco_yolov5\images\train\train2017_000000306830.jpg,G:\intership projects\Real-Time Object Detection using YOLOv5\code\data\smoke\coco_yolov5\labels\train\train2017_000000306830.txt,17,17,"[""bottle"", ""cat"", ""knife"", ""scissors"", ""sink"", ""toilet"", ""toothbrush""]",hardlink,hardlink
train,train2017_497819,train2017,497819,G:\intership projects\Real-Time Object Detection using YOLOv5\code\data\raw\coco2017\train2017\000000497819.jpg,G:\intership projects\Real-Time Object Detection using YOLOv5\code\data\processed\coco_yolo\images\train\train2017_000000497819.jpg,G:\intership projects\Real-Time Object Detection using YOLOv5\code\data\processed\coco_yolo\labels\train\train2017_000000497819.txt,G:\intership projects\Real-Time Object Detection using YOLOv5\code\data\smoke\coco_yolov5\images\train\train2017_000000497819.jpg,G:\intership projects\Real-Time Object Detection using YOLOv5\code\data\smoke\coco_yolov5\labels\train\train2017_000000497819.txt,19,19,"[""car"", ""parking meter"", ""person"", ""skateboard"", ""stop sign""]",hardlink,hardlink
train,train2017_471468,train2017,471468,G:\intership projects\Real-Time Object Detection using YOLOv5\code\data\raw\coco2017\train2017\000000471468.jpg,G:\intership projects\Real-Time Object Detection using YOLOv5\code\data\processed\coco_yolo\images\train\train2017_000000471468.jpg,G:\intership projects\Real-Time Object Detection using YOLOv5\code\data\processed\coco_yolo\labels\train\train2017_000000471468.txt,G:\intership projects\Real-Time Object Detection using YOLOv5\code\data\smoke\coco_yolov5\images\train\train2017_000000471468.jpg,G:\intership projects\Real-Time Object Detection using YOLOv5\code\data\smoke\coco_yolov5\labels\train\train2017_000000471468.txt,6,6,"[""skis"", ""snowboard"", ""train""]",hardlink,hardlink
train,train2017_179968,train2017,179968,G:\intership projects\Real-Time Object Detection using YOLOv5\code\data\raw\coco2017\train2017\000000179968.jpg,G:\intership projects\Real-Time Object Detection using YOLOv5\code\data\processed\coco_yolo\images\train\train2017_000000179968.jpg,G:\intership projects\Real-Time Object Detection using YOLOv5\code\data\processed\coco_yolo\labels\train\train2017_000000179968.txt,G:\intership projects\Real-Time Object Detection using YOLOv5\code\data\smoke\coco_yolov5\images\train\train2017_000000179968.jpg,G:\intership projects\Real-Time Object Detection using YOLOv5\code\data\smoke\coco_yolov5\labels\train\train2017_000000179968.txt,22,22,"[""airplane"", ""bottle"", ""chair"", ""hair drier"", ""person"", ""tv""]",hardlink,hardlink
train,train2017_216556,train2017,216556,G:\intership projects\Real-Time Object Detection using YOLOv5\code\data\raw\coco2017\train2017\000000216556.jpg,G:\intership projects\Real-Time Object Detection using YOLOv5\code\data\processed\coco_yolo\images\train\train2017_000000216556.jpg,G:\intership projects\Real-Time Object Detection using YOLOv5\code\data\processed\coco_yolo\labels\train\train2017_000000216556.txt,G:\intership projects\Real-Time Object Detection using YOLOv5\code\data\smoke\coco_yolov5\images\train\train2017_000000216556.jpg,G:\intership projects\Real-Time Object Detection using YOLOv5\code\data\smoke\coco_yolov5\labels\train\train2017_000000216556.txt,19,19,"[""car"", ""frisbee"", ""person"", ""sports ball"", ""tennis racket""]",hardlink,hardlink
train,train2017_297363,train2017,297363,G:\intership projects\Real-Time Object Detection using YOLOv5\code\data\raw\coco2017\train2017\000000297363.jpg,G:\intership projects\Real-Time Object Detection using YOLOv5\code\data\processed\coco_yolo\images\train\train2017_000000297363.jpg,G:\intership projects\Real-Time Object Detection using YOLOv5\code\data\processed\coco_yolo\labels\train\train2017_000000297363.txt,G:\intership projects\Real-Time Object Detection using YOLOv5\code\data\smoke\coco_yolov5\images\train\train2017_000000297363.jpg,G:\intership projects\Real-Time Object Detection using YOLOv5\code\data\smoke\coco_yolov5\labels\train\train2017_000000297363.txt,30,30,"[""book"", ""bottle"", ""bowl"", ""chair"", ""cup"", ""dining table"", ""fork"", ""hot dog"", ""knife"", ""microwave"", ""person"", ""potted plant"", ""wine glass""]",hardlink,hardlink
train,train2017_412720,train2017,412720,G:\intership projects\Real-Time Object Detection using YOLOv5\code\data\raw\coco2017\train2017\000000412720.jpg,G:\intership projects\Real-Time Object Detection using YOLOv5\code\data\processed\coco_yolo\images\train\train2017_000000412720.jpg,G:\intership projects\Real-Time Object Detection using YOLOv5\code\data\processed\coco_yolo\labels\train\train2017_000000412720.txt,G:\intership projects\Real-Time Object Detection using YOLOv5\code\data\smoke\coco_yolov5\images\train\train2017_000000412720.jpg,G:\intership projects\Real-Time Object Detection using YOLOv5\code\data\smoke\coco_yolov5\labels\train\train2017_000000412720.txt,18,18,"[""bottle"", ""bowl"", ""knife"", ""person"", ""sandwich"", ""sheep"", ""sink"", ""spoon""]",hardlink,hardlink
train,train2017_176174,train2017,176174,G:\intership projects\Real-Time Object Detection using YOLOv5\code\data\raw\coco2017\train2017\000000176174.jpg,G:\intership projects\Real-Time Object Detection using YOLOv5\code\data\processed\coco_yolo\images\train\train2017_000000176174.jpg,G:\intership projects\Real-Time Object Detection using YOLOv5\code\data\processed\coco_yolo\labels\train\train2017_000000176174.txt,G:\intership projects\Real-Time Object Detection using YOLOv5\code\data\smoke\coco_yolov5\images\train\train2017_000000176174.jpg,G:\intership projects\Real-Time Object Detection using YOLOv5\code\data\smoke\coco_yolov5\labels\train\train2017_000000176174.txt,29,29,"[""banana"", ""book"", ""bottle"", ""bowl"", ""chair"", ""cup"", ""dining table"", ""knife"", ""laptop"", ""microwave"", ""orange"", ""oven"", ""refrigerator"", ""spoon"", ""tv"", ""vase""]",hardlink,hardlink
train,train2017_277991,train2017,277991,G:\intership projects\Real-Time Object Detection using YOLOv5\code\data\raw\coco2017\train2017\000000277991.jpg,G:\intership projects\Real-Time Object Detection using YOLOv5\code\data\processed\coco_yolo\images\train\train2017_000000277991.jpg,G:\intership projects\Real-Time Object Detection using YOLOv5\code\data\processed\coco_yolo\labels\train\train2017_000000277991.txt,G:\intership projects\Real-Time Object Detection using YOLOv5\code\data\smoke\coco_yolov5\images\train\train2017_000000277991.jpg,G:\intership projects\Real-Time Object Detection using YOLOv5\code\data\smoke\coco_yolov5\labels\train\train2017_000000277991.txt,58,58,"[""backpack"", ""bottle"", ""bowl"", ""broccoli"", ""car"", ""chair"", ""cup"", ""dining table"", ""fork"", ""handbag"", ""knife"", ""person"", ""spoon"", ""umbrella"", ""wine glass""]",hardlink,hardlink
train,train2017_94984,train2017,94984,G:\intership projects\Real-Time Object Detection using YOLOv5\code\data\raw\coco2017\train2017\000000094984.jpg,G:\intership projects\Real-Time Object Detection using YOLOv5\code\data\processed\coco_yolo\images\train\train2017_000000094984.jpg,G:\intership projects\Real-Time Object Detection using YOLOv5\code\data\processed\coco_yolo\labels\train\train2017_000000094984.txt,G:\intership projects\Real-Time Object Detection using YOLOv5\code\data\smoke\coco_yolov5\images\train\train2017_000000094984.jpg,G:\intership projects\Real-Time Object Detection using YOLOv5\code\data\smoke\coco_yolov5\labels\train\train2017_000000094984.txt,47,47,"[""apple"", ""book"", ""bottle"", ""bowl"", ""chair"", ""cup"", ""dining table"", ""knife"", ""microwave"", ""orange"", ""oven"", ""potted plant"", ""refrigerator"", ""sink"", ""spoon""]",hardlink,hardlink
train,train2017_206280,train2017,206280,G:\intership projects\Real-Time Object Detection using YOLOv5\code\data\raw\coco2017\train2017\000000206280.jpg,G:\intership projects\Real-Time Object Detection using YOLOv5\code\data\processed\coco_yolo\images\train\train2017_000000206280.jpg,G:\intership projects\Real-Time Object Detection using YOLOv5\code\data\processed\coco_yolo\labels\train\train2017_000000206280.txt,G:\intership projects\Real-Time Object Detection using YOLOv5\code\data\smoke\coco_yolov5\images\train\train2017_000000206280.jpg,G:\intership projects\Real-Time Object Detection using YOLOv5\code\data\smoke\coco_yolov5\labels\train\train2017_000000206280.txt,38,38,"[""apple"", ""bottle"", ""bowl"", ""chair"", ""clock"", ""cup"", ""dining table"", ""dog"", ""fork"", ""knife"", ""oven"", ""person"", ""potted plant"", ""spoon"", ""wine glass""]",hardlink,hardlink
train,train2017_168909,train2017,168909,G:\intership projects\Real-Time Object Detection using YOLOv5\code\data\raw\coco2017\train2017\000000168909.jpg,G:\intership projects\Real-Time Object Detection using YOLOv5\code\data\processed\coco_yolo\images\train\train2017_000000168909.jpg,G:\intership projects\Real-Time Object Detection using YOLOv5\code\data\processed\coco_yolo\labels\train\train2017_000000168909.txt,G:\intership projects\Real-Time Object Detection using YOLOv5\code\data\smoke\coco_yolov5\images\train\train2017_000000168909.jpg,G:\intership projects\Real-Time Object Detection using YOLOv5\code\data\smoke\coco_yolov5\labels\train\train2017_000000168909.txt,35,35,"[""apple"", ""banana"", ""bottle"", ""bowl"", ""chair"", ""couch"", ""cup"", ""dining table"", ""fork"", ""knife"", ""orange"", ""person"", ""potted plant"", ""spoon"", ""wine glass""]",hardlink,hardlink
train,train2017_525668,train2017,525668,G:\intership projects\Real-Time Object Detection using YOLOv5\code\data\raw\coco2017\train2017\000000525668.jpg,G:\intership projects\Real-Time Object Detection using YOLOv5\code\data\processed\coco_yolo\images\train\train2017_000000525668.jpg,G:\intership projects\Real-Time Object Detection using YOLOv5\code\data\processed\coco_yolo\labels\train\train2017_000000525668.txt,G:\intership projects\Real-Time Object Detection using YOLOv5\code\data\smoke\coco_yolov5\images\train\train2017_000000525668.jpg,G:\intership projects\Real-Time Object Detection using YOLOv5\code\data\smoke\coco_yolov5\labels\train\train2017_000000525668.txt,30,30,"[""book"", ""bottle"", ""bowl"", ""cell phone"", ""chair"", ""cup"", ""dining table"", ""laptop"", ""microwave"", ""orange"", ""oven"", ""person"", ""refrigerator"", ""sink"", ""spoon""]",hardlink,hardlink
train,train2017_24081,train2017,24081,G:\intership projects\Real-Time Object Detection using YOLOv5\code\data\raw\coco2017\train2017\000000024081.jpg,G:\intership projects\Real-Time Object Detection using YOLOv5\code\data\processed\coco_yolo\images\train\train2017_000000024081.jpg,G:\intership projects\Real-Time Object Detection using YOLOv5\code\data\processed\coco_yolo\labels\train\train2017_000000024081.txt,G:\intership projects\Real-Time Object Detection using YOLOv5\code\data\smoke\coco_yolov5\images\train\train2017_000000024081.jpg,G:\intership projects\Real-Time Object Detection using YOLOv5\code\data\smoke\coco_yolov5\labels\train\train2017_000000024081.txt,25,25,"[""book"", ""bottle"", ""bowl"", ""cake"", ""cell phone"", ""chair"", ""cup"", ""dining table"", ""knife"", ""person"", ""potted plant"", ""sink"", ""spoon"", ""toaster"", ""vase""]",hardlink,hardlink
train,train2017_534468,train2017,534468,G:\intership projects\Real-Time Object Detection using YOLOv5\code\data\raw\coco2017\train2017\000000534468.jpg,G:\intership projects\Real-Time Object Detection using YOLOv5\code\data\processed\coco_yolo\images\train\train2017_000000534468.jpg,G:\intership projects\Real-Time Object Detection using YOLOv5\code\data\processed\coco_yolo\labels\train\train2017_000000534468.txt,G:\intership projects\Real-Time Object Detection using YOLOv5\code\data\smoke\coco_yolov5\images\train\train2017_000000534468.jpg,G:\intership projects\Real-Time Object Detection using YOLOv5\code\data\smoke\coco_yolov5\labels\train\train2017_000000534468.txt,21,21,"[""banana"", ""book"", ""bottle"", ""bowl"", ""cell phone"", ""chair"", ""cup"", ""dining table"", ""keyboard"", ""laptop"", ""person"", ""refrigerator"", ""remote"", ""spoon"", ""tv""]",hardlink,hardlink
train,train2017_253438,train2017,253438,G:\intership projects\Real-Time Object Detection using YOLOv5\code\data\raw\coco2017\train2017\000000253438.jpg,G:\intership projects\Real-Time Object Detection using YOLOv5\code\data\processed\coco_yolo\images\train\train2017_000000253438.jpg,G:\intership projects\Real-Time Object Detection using YOLOv5\code\data\processed\coco_yolo\labels\train\train2017_000000253438.txt,G:\intership projects\Real-Time Object Detection using YOLOv5\code\data\smoke\coco_yolov5\images\train\train2017_000000253438.jpg,G:\intership projects\Real-Time Object Detection using YOLOv5\code\data\smoke\coco_yolov5\labels\train\train2017_000000253438.txt,36,36,"[""book"", ""bottle"", ""bowl"", ""chair"", ""couch"", ""cup"", ""dining table"", ""fork"", ""potted plant"", ""refrigerator"", ""spoon"", ""tv"", ""vase"", ""wine glass""]",hardlink,hardlink
train,train2017_152060,train2017,152060,G:\intership projects\Real-Time Object Detection using YOLOv5\code\data\raw\coco2017\train2017\000000152060.jpg,G:\intership projects\Real-Time Object Detection using YOLOv5\code\data\processed\coco_yolo\images\train\train2017_000000152060.jpg,G:\intership projects\Real-Time Object Detection using YOLOv5\code\data\processed\coco_yolo\labels\train\train2017_000000152060.txt,G:\intership projects\Real-Time Object Detection using YOLOv5\code\data\smoke\coco_yolov5\images\train\train2017_000000152060.jpg,G:\intership projects\Real-Time Object Detection using YOLOv5\code\data\smoke\coco_yolov5\labels\train\train2017_000000152060.txt,26,26,"[""bottle"", ""cake"", ""cell phone"", ""chair"", ""dining table"", ""knife"", ""oven"", ""person"", ""refrigerator"", ""remote"", ""sandwich"", ""sink"", ""spoon"", ""wine glass""]",hardlink,hardlink
train,train2017_307884,train2017,307884,G:\intership projects\Real-Time Object Detection using YOLOv5\code\data\raw\coco2017\train2017\000000307884.jpg,G:\intership projects\Real-Time Object Detection using YOLOv5\code\data\processed\coco_yolo\images\train\train2017_000000307884.jpg,G:\intership projects\Real-Time Object Detection using YOLOv5\code\data\processed\coco_yolo\labels\train\train2017_000000307884.txt,G:\intership projects\Real-Time Object Detection using YOLOv5\code\data\smoke\coco_yolov5\images\train\train2017_000000307884.jpg,G:\intership projects\Real-Time Object Detection using YOLOv5\code\data\smoke\coco_yolov5\labels\train\train2017_000000307884.txt,25,25,"[""apple"", ""banana"", ""bowl"", ""chair"", ""cup"", ""dining table"", ""fork"", ""orange"", ""oven"", ""person"", ""potted plant"", ""refrigerator"", ""spoon"", ""vase""]",hardlink,hardlink
train,train2017_144937,train2017,144937,G:\intership projects\Real-Time Object Detection using YOLOv5\code\data\raw\coco2017\train2017\000000144937.jpg,G:\intership projects\Real-Time Object Detection using YOLOv5\code\data\processed\coco_yolo\images\train\train2017_000000144937.jpg,G:\intership projects\Real-Time Object Detection using YOLOv5\code\data\processed\coco_yolo\labels\train\train2017_000000144937.txt,G:\intership projects\Real-Time Object Detection using YOLOv5\code\data\smoke\coco_yolov5\images\train\train2017_000000144937.jpg,G:\intership projects\Real-Time Object Detection using YOLOv5\code\data\smoke\coco_yolov5\labels\train\train2017_000000144937.txt,24,24,"[""bottle"", ""bowl"", ""chair"", ""cup"", ""dining table"", ""fork"", ""knife"", ""microwave"", ""orange"", ""oven"", ""person"", ""sink"", ""spoon"", ""wine glass""]",hardlink,hardlink
train,val2017_441247,val2017,441247,G:\intership projects\Real-Time Object Detection using YOLOv5\code\data\raw\coco2017\val2017\000000441247.jpg,G:\intership projects\Real-Time Object Detection using YOLOv5\code\data\processed\coco_yolo\images\train\val2017_000000441247.jpg,G:\intership projects\Real-Time Object Detection using YOLOv5\code\data\processed\coco_yolo\labels\train\val2017_000000441247.txt,G:\intership projects\Real-Time Object Detection using YOLOv5\code\data\smoke\coco_yolov5\images\train\val2017_000000441247.jpg,G:\intership projects\Real-Time Object Detection using YOLOv5\code\data\smoke\coco_yolov5\labels\train\val2017_000000441247.txt,24,24,"[""backpack"", ""banana"", ""bottle"", ""chair"", ""clock"", ""couch"", ""dining table"", ""handbag"", ""microwave"", ""orange"", ""oven"", ""person"", ""refrigerator"", ""vase""]",hardlink,hardlink
train,train2017_10138,train2017,10138,G:\intership projects\Real-Time Object Detection using YOLOv5\code\data\raw\coco2017\train2017\000000010138.jpg,G:\intership projects\Real-Time Object Detection using YOLOv5\code\data\processed\coco_yolo\images\train\train2017_000000010138.jpg,G:\intership projects\Real-Time Object Detection using YOLOv5\code\data\processed\coco_yolo\labels\train\train2017_000000010138.txt,G:\intership projects\Real-Time Object Detection using YOLOv5\code\data\smoke\coco_yolov5\images\train\train2017_000000010138.jpg,G:\intership projects\Real-Time Object Detection using YOLOv5\code\data\smoke\coco_yolov5\labels\train\train2017_000000010138.txt,23,23,"[""bottle"", ""bowl"", ""cake"", ""cell phone"", ""chair"", ""cup"", ""dining table"", ""knife"", ""oven"", ""person"", ""potted plant"", ""refrigerator"", ""sink"", ""spoon""]",hardlink,hardlink
train,train2017_262954,train2017,262954,G:\intership projects\Real-Time Object Detection using YOLOv5\code\data\raw\coco2017\train2017\000000262954.jpg,G:\intership projects\Real-Time Object Detection using YOLOv5\code\data\processed\coco_yolo\images\train\train2017_000000262954.jpg,G:\intership projects\Real-Time Object Detection using YOLOv5\code\data\processed\coco_yolo\labels\train\train2017_000000262954.txt,G:\intership projects\Real-Time Object Detection using YOLOv5\code\data\smoke\coco_yolov5\images\train\train2017_000000262954.jpg,G:\intership projects\Real-Time Object Detection using YOLOv5\code\data\smoke\coco_yolov5\labels\train\train2017_000000262954.txt,22,22,"[""backpack"", ""bottle"", ""bowl"", ""chair"", ""cup"", ""dining table"", ""laptop"", ""microwave"", ""mouse"", ""oven"", ""refrigerator"", ""sink"", ""tv"", ""vase""]",hardlink,hardlink
train,train2017_121613,train2017,121613,G:\intership projects\Real-Time Object Detection using YOLOv5\code\data\raw\coco2017\train2017\000000121613.jpg,G:\intership projects\Real-Time Object Detection using YOLOv5\code\data\processed\coco_yolo\images\train\train2017_000000121613.jpg,G:\intership projects\Real-Time Object Detection using YOLOv5\code\data\processed\coco_yolo\labels\train\train2017_000000121613.txt,G:\intership projects\Real-Time Object Detection using YOLOv5\code\data\smoke\coco_yolov5\images\train\train2017_000000121613.jpg,G:\intership projects\Real-Time Object Detection using YOLOv5\code\data\smoke\coco_yolov5\labels\train\train2017_000000121613.txt,18,18,"[""apple"", ""bottle"", ""cat"", ""cell phone"", ""chair"", ""cup"", ""dining table"", ""handbag"", ""laptop"", ""mouse"", ""person"", ""potted plant"", ""refrigerator"", ""vase""]",hardlink,hardlink
val,train2017_106123,train2017,106123,G:\intership projects\Real-Time Object Detection using YOLOv5\code\data\raw\coco2017\train2017\000000106123.jpg,G:\intership projects\Real-Time Object Detection using YOLOv5\code\data\processed\coco_yolo\images\val\train2017_000000106123.jpg,G:\intership projects\Real-Time Object Detection using YOLOv5\code\data\processed\coco_yolo\labels\val\train2017_000000106123.txt,G:\intership projects\Real-Time Object Detection using YOLOv5\code\data\smoke\coco_yolov5\images\val\train2017_000000106123.jpg,G:\intership projects\Real-Time Object Detection using YOLOv5\code\data\smoke\coco_yolov5\labels\val\train2017_000000106123.txt,21,21,"[""backpack"", ""bed"", ""book"", ""cell phone"", ""chair"", ""couch"", ""cup"", ""handbag"", ""microwave"", ""oven"", ""person"", ""potted plant"", ""sink"", ""tv"", ""vase""]",hardlink,hardlink
val,train2017_115619,train2017,115619,G:\intership projects\Real-Time Object Detection using YOLOv5\code\data\raw\coco2017\train2017\000000115619.jpg,G:\intership projects\Real-Time Object Detection using YOLOv5\code\data\processed\coco_yolo\images\val\train2017_000000115619.jpg,G:\intership projects\Real-Time Object Detection using YOLOv5\code\data\processed\coco_yolo\labels\val\train2017_000000115619.txt,G:\intership projects\Real-Time Object Detection using YOLOv5\code\data\smoke\coco_yolov5\images\val\train2017_000000115619.jpg,G:\intership projects\Real-Time Object Detection using YOLOv5\code\data\smoke\coco_yolov5\labels\val\train2017_000000115619.txt,30,30,"[""apple"", ""banana"", ""bottle"", ""bowl"", ""chair"", ""cup"", ""dining table"", ""fork"", ""knife"", ""orange"", ""oven"", ""person"", ""sink"", ""spoon""]",hardlink,hardlink
val,train2017_174019,train2017,174019,G:\intership projects\Real-Time Object Detection using YOLOv5\code\data\raw\coco2017\train2017\000000174019.jpg,G:\intership projects\Real-Time Object Detection using YOLOv5\code\data\processed\coco_yolo\images\val\train2017_000000174019.jpg,G:\intership projects\Real-Time Object Detection using YOLOv5\code\data\processed\coco_yolo\labels\val\train2017_000000174019.txt,G:\intership projects\Real-Time Object Detection using YOLOv5\code\data\smoke\coco_yolov5\images\val\train2017_000000174019.jpg,G:\intership projects\Real-Time Object Detection using YOLOv5\code\data\smoke\coco_yolov5\labels\val\train2017_000000174019.txt,26,26,"[""bicycle"", ""car"", ""fire hydrant"", ""motorcycle"", ""parking meter"", ""person"", ""potted plant"", ""traffic light"", ""truck""]",hardlink,hardlink
val,train2017_505552,train2017,505552,G:\intership projects\Real-Time Object Detection using YOLOv5\code\data\raw\coco2017\train2017\000000505552.jpg,G:\intership projects\Real-Time Object Detection using YOLOv5\code\data\processed\coco_yolo\images\val\train2017_000000505552.jpg,G:\intership projects\Real-Time Object Detection using YOLOv5\code\data\processed\coco_yolo\labels\val\train2017_000000505552.txt,G:\intership projects\Real-Time Object Detection using YOLOv5\code\data\smoke\coco_yolov5\images\val\train2017_000000505552.jpg,G:\intership projects\Real-Time Object Detection using YOLOv5\code\data\smoke\coco_yolov5\labels\val\train2017_000000505552.txt,37,37,"[""bottle"", ""cell phone"", ""chair"", ""cup"", ""dining table"", ""fork"", ""keyboard"", ""laptop"", ""mouse"", ""person"", ""pizza"", ""spoon"", ""wine glass""]",hardlink,hardlink
val,train2017_528851,train2017,528851,G:\intership projects\Real-Time Object Detection using YOLOv5\code\data\raw\coco2017\train2017\000000528851.jpg,G:\intership projects\Real-Time Object Detection using YOLOv5\code\data\processed\coco_yolo\images\val\train2017_000000528851.jpg,G:\intership projects\Real-Time Object Detection using YOLOv5\code\data\processed\coco_yolo\labels\val\train2017_000000528851.txt,G:\intership projects\Real-Time Object Detection using YOLOv5\code\data\smoke\coco_yolov5\images\val\train2017_000000528851.jpg,G:\intership projects\Real-Time Object Detection using YOLOv5\code\data\smoke\coco_yolov5\labels\val\train2017_000000528851.txt,32,32,"[""broccoli"", ""chair"", ""cup"", ""dining table"", ""hot dog"", ""laptop"", ""person"", ""refrigerator"", ""sandwich"", ""sink"", ""tv""]",hardlink,hardlink
val,train2017_466664,train2017,466664,G:\intership projects\Real-Time Object Detection using YOLOv5\code\data\raw\coco2017\train2017\000000466664.jpg,G:\intership projects\Real-Time Object Detection using YOLOv5\code\data\processed\coco_yolo\images\val\train2017_000000466664.jpg,G:\intership projects\Real-Time Object Detection using YOLOv5\code\data\processed\coco_yolo\labels\val\train2017_000000466664.txt,G:\intership projects\Real-Time Object Detection using YOLOv5\code\data\smoke\coco_yolov5\images\val\train2017_000000466664.jpg,G:\intership projects\Real-Time Object Detection using YOLOv5\code\data\smoke\coco_yolov5\labels\val\train2017_000000466664.txt,19,19,"[""backpack"", ""book"", ""bottle"", ""cell phone"", ""clock"", ""dining table"", ""handbag"", ""remote"", ""scissors"", ""toothbrush""]",hardlink,hardlink
val,train2017_471113,train2017,471113,G:\intership projects\Real-Time Object Detection using YOLOv5\code\data\raw\coco2017\train2017\000000471113.jpg,G:\intership projects\Real-Time Object Detection using YOLOv5\code\data\processed\coco_yolo\images\val\train2017_000000471113.jpg,G:\intership projects\Real-Time Object Detection using YOLOv5\code\data\processed\coco_yolo\labels\val\train2017_000000471113.txt,G:\intership projects\Real-Time Object Detection using YOLOv5\code\data\smoke\coco_yolov5\images\val\train2017_000000471113.jpg,G:\intership projects\Real-Time Object Detection using YOLOv5\code\data\smoke\coco_yolov5\labels\val\train2017_000000471113.txt,24,24,"[""backpack"", ""baseball bat"", ""baseball glove"", ""bench"", ""bottle"", ""cup"", ""person"", ""sports ball""]",hardlink,hardlink
val,train2017_404236,train2017,404236,G:\intership projects\Real-Time Object Detection using YOLOv5\code\data\raw\coco2017\train2017\000000404236.jpg,G:\intership projects\Real-Time Object Detection using YOLOv5\code\data\processed\coco_yolo\images\val\train2017_000000404236.jpg,G:\intership projects\Real-Time Object Detection using YOLOv5\code\data\processed\coco_yolo\labels\val\train2017_000000404236.txt,G:\intership projects\Real-Time Object Detection using YOLOv5\code\data\smoke\coco_yolov5\images\val\train2017_000000404236.jpg,G:\intership projects\Real-Time Object Detection using YOLOv5\code\data\smoke\coco_yolov5\labels\val\train2017_000000404236.txt,21,21,"[""boat"", ""dog"", ""handbag"", ""kite"", ""person"", ""umbrella""]",hardlink,hardlink
val,train2017_301991,train2017,301991,G:\intership projects\Real-Time Object Detection using YOLOv5\code\data\raw\coco2017\train2017\000000301991.jpg,G:\intership projects\Real-Time Object Detection using YOLOv5\code\data\processed\coco_yolo\images\val\train2017_000000301991.jpg,G:\intership projects\Real-Time Object Detection using YOLOv5\code\data\processed\coco_yolo\labels\val\train2017_000000301991.txt,G:\intership projects\Real-Time Object Detection using YOLOv5\code\data\smoke\coco_yolov5\images\val\train2017_000000301991.jpg,G:\intership projects\Real-Time Object Detection using YOLOv5\code\data\smoke\coco_yolov5\labels\val\train2017_000000301991.txt,17,17,"[""cake"", ""carrot"", ""chair"", ""cup"", ""dining table"", ""fork"", ""person"", ""tie"", ""wine glass""]",hardlink,hardlink
val,train2017_185168,train2017,185168,G:\intership projects\Real-Time Object Detection using YOLOv5\code\data\raw\coco2017\train2017\000000185168.jpg,G:\intership projects\Real-Time Object Detection using YOLOv5\code\data\processed\coco_yolo\images\val\train2017_000000185168.jpg,G:\intership projects\Real-Time Object Detection using YOLOv5\code\data\processed\coco_yolo\labels\val\train2017_000000185168.txt,G:\intership projects\Real-Time Object Detection using YOLOv5\code\data\smoke\coco_yolov5\images\val\train2017_000000185168.jpg,G:\intership projects\Real-Time Object Detection using YOLOv5\code\data\smoke\coco_yolov5\labels\val\train2017_000000185168.txt,26,26,"[""backpack"", ""bottle"", ""cup"", ""giraffe"", ""handbag"", ""person"", ""stop sign"", ""zebra""]",hardlink,hardlink
val,train2017_223146,train2017,223146,G:\intership projects\Real-Time Object Detection using YOLOv5\code\data\raw\coco2017\train2017\000000223146.jpg,G:\intership projects\Real-Time Object Detection using YOLOv5\code\data\processed\coco_yolo\images\val\train2017_000000223146.jpg,G:\intership projects\Real-Time Object Detection using YOLOv5\code\data\processed\coco_yolo\labels\val\train2017_000000223146.txt,G:\intership projects\Real-Time Object Detection using YOLOv5\code\data\smoke\coco_yolov5\images\val\train2017_000000223146.jpg,G:\intership projects\Real-Time Object Detection using YOLOv5\code\data\smoke\coco_yolov5\labels\val\train2017_000000223146.txt,22,22,"[""car"", ""cow"", ""horse"", ""person"", ""sheep"", ""truck""]",hardlink,hardlink
val,train2017_102056,train2017,102056,G:\intership projects\Real-Time Object Detection using YOLOv5\code\data\raw\coco2017\train2017\000000102056.jpg,G:\intership projects\Real-Time Object Detection using YOLOv5\code\data\processed\coco_yolo\images\val\train2017_000000102056.jpg,G:\intership projects\Real-Time Object Detection using YOLOv5\code\data\processed\coco_yolo\labels\val\train2017_000000102056.txt,G:\intership projects\Real-Time Object Detection using YOLOv5\code\data\smoke\coco_yolov5\images\val\train2017_000000102056.jpg,G:\intership projects\Real-Time Object Detection using YOLOv5\code\data\smoke\coco_yolov5\labels\val\train2017_000000102056.txt,14,14,"[""backpack"", ""bicycle"", ""bus"", ""person"", ""skis"", ""snowboard""]",hardlink,hardlink
val,train2017_341118,train2017,341118,G:\intership projects\Real-Time Object Detection using YOLOv5\code\data\raw\coco2017\train2017\000000341118.jpg,G:\intership projects\Real-Time Object Detection using YOLOv5\code\data\processed\coco_yolo\images\val\train2017_000000341118.jpg,G:\intership projects\Real-Time Object Detection using YOLOv5\code\data\processed\coco_yolo\labels\val\train2017_000000341118.txt,G:\intership projects\Real-Time Object Detection using YOLOv5\code\data\smoke\coco_yolov5\images\val\train2017_000000341118.jpg,G:\intership projects\Real-Time Object Detection using YOLOv5\code\data\smoke\coco_yolov5\labels\val\train2017_000000341118.txt,10,10,"[""backpack"", ""chair"", ""couch"", ""dining table"", ""handbag"", ""person"", ""sink"", ""suitcase"", ""teddy bear"", ""tv""]",hardlink,hardlink
val,train2017_12681,train2017,12681,G:\intership projects\Real-Time Object Detection using YOLOv5\code\data\raw\coco2017\train2017\000000012681.jpg,G:\intership projects\Real-Time Object Detection using YOLOv5\code\data\processed\coco_yolo\images\val\train2017_000000012681.jpg,G:\intership projects\Real-Time Object Detection using YOLOv5\code\data\processed\coco_yolo\labels\val\train2017_000000012681.txt,G:\intership projects\Real-Time Object Detection using YOLOv5\code\data\smoke\coco_yolov5\images\val\train2017_000000012681.jpg,G:\intership projects\Real-Time Object Detection using YOLOv5\code\data\smoke\coco_yolov5\labels\val\train2017_000000012681.txt,13,13,"[""bowl"", ""cake"", ""chair"", ""cup"", ""dining table"", ""donut"", ""person"", ""train""]",hardlink,hardlink
val,train2017_244122,train2017,244122,G:\intership projects\Real-Time Object Detection using YOLOv5\code\data\raw\coco2017\train2017\000000244122.jpg,G:\intership projects\Real-Time Object Detection using YOLOv5\code\data\processed\coco_yolo\images\val\train2017_000000244122.jpg,G:\intership projects\Real-Time Object Detection using YOLOv5\code\data\processed\coco_yolo\labels\val\train2017_000000244122.txt,G:\intership projects\Real-Time Object Detection using YOLOv5\code\data\smoke\coco_yolov5\images\val\train2017_000000244122.jpg,G:\intership projects\Real-Time Object Detection using YOLOv5\code\data\smoke\coco_yolov5\labels\val\train2017_000000244122.txt,8,8,"[""banana"", ""bed"", ""chair"", ""couch"", ""cup"", ""frisbee"", ""laptop"", ""toaster""]",hardlink,hardlink
val,train2017_47125,train2017,47125,G:\intership projects\Real-Time Object Detection using YOLOv5\code\data\raw\coco2017\train2017\000000047125.jpg,G:\intership projects\Real-Time Object Detection using YOLOv5\code\data\processed\coco_yolo\images\val\train2017_000000047125.jpg,G:\intership projects\Real-Time Object Detection using YOLOv5\code\data\processed\coco_yolo\labels\val\train2017_000000047125.txt,G:\intership projects\Real-Time Object Detection using YOLOv5\code\data\smoke\coco_yolov5\images\val\train2017_000000047125.jpg,G:\intership projects\Real-Time Object Detection using YOLOv5\code\data\smoke\coco_yolov5\labels\val\train2017_000000047125.txt,21,21,"[""bench"", ""bicycle"", ""bird"", ""person"", ""skateboard""]",hardlink,hardlink
